policy,final_pnl,final_risk_adjusted_pnl,total_fills,max_inventory,inventory_std,max_drawdown,adverse_selection_cost,sharpe_like
fixed,242.70345550652587,242.55895550652588,3681,20,9.998185418518796,22.028321120061946,54.195761083265275,5.692944535017426
inventory,181.08754207794053,181.08704207794054,3791,8,2.0014152800345877,2.0331639904105714,54.930289980343005,19.98566482628159
volatility,322.21749095813857,322.1929909581386,2561,20,11.35698401180051,15.57346543852941,37.056231436646584,6.565520409603816
inventory_volatility,256.2448381851423,256.2448381851423,2692,7,1.9349973774511096,2.0508420317626133,39.413028232535524,27.178439268709838
